name_zh,name_en,official_name_en,alpha2,alpha3,numeric,dialing_codes,region,subregion
阿尔巴尼亚,Albania,the Republic of Albania,AL,ALB,008,+355,Europe,Southern Europe
阿尔及利亚,Algeria,the People's Democratic Republic of Algeria,DZ,DZA,012,+213,Africa,Northern Africa
阿富汗,Afghanistan,the Islamic Republic of Afghanistan,AF,AFG,004,+93,Asia,Southern Asia
阿根廷,Argentina,the Argentine Republic,AR,ARG,032,+54,Americas,Latin America and the Caribbean
阿拉伯联合酋长国,United Arab Emirates,the United Arab Emirates,AE,ARE,784,+971,Asia,Western Asia
阿鲁巴,Aruba,Aruba,AW,ABW,533,+297,Americas,Latin America and the Caribbean
阿曼,Oman,the Sultanate of Oman,OM,OMN,512,+968,Asia,Western Asia
阿塞拜疆,Azerbaijan,the Republic of Azerbaijan,AZ,AZE,031,+994,Asia,Western Asia
埃及,Egypt,the Arab Republic of Egypt,EG,EGY,818,+20,Africa,Northern Africa
埃塞俄比亚,Ethiopia,the Federal Democratic Republic of Ethiopia,ET,ETH,231,+251,Africa,Sub-Saharan Africa
爱尔兰,Ireland,Ireland,IE,IRL,372,+353,Europe,Northern Europe
爱沙尼亚,Estonia,the Republic of Estonia,EE,EST,233,+372,Europe,Northern Europe
安道尔,Andorra,the Principality of Andorra,AD,AND,020,+376,Europe,Southern Europe
安哥拉,Angola,the Republic of Angola,AO,AGO,024,+244,Africa,Sub-Saharan Africa
安圭拉,Anguilla,Anguilla,AI,AIA,660,+1-264,Americas,Latin America and the Caribbean
安提瓜和巴布达,Antigua & Barbuda,Antigua and Barbuda,AG,ATG,028,+1-268,Americas,Latin America and the Caribbean
奥地利,Austria,the Republic of Austria,AT,AUT,040,+43,Europe,Western Europe
奥兰群岛,Åland Islands,Åland Islands,AX,ALA,248,+358,Europe,Northern Europe
澳大利亚,Australia,Australia,AU,AUS,036,+61,Oceania,Australia and New Zealand
巴巴多斯,Barbados,Barbados,BB,BRB,052,+1-246,Americas,Latin America and the Caribbean
巴布亚新几内亚,Papua New Guinea,the Independent State of Papua New Guinea,PG,PNG,598,+675,Oceania,Melanesia
巴哈马,Bahamas,the Commonwealth of the Bahamas,BS,BHS,044,+1-242,Americas,Latin America and the Caribbean
巴基斯坦,Pakistan,the Islamic Republic of Pakistan,PK,PAK,586,+92,Asia,Southern Asia
巴拉圭,Paraguay,the Republic of Paraguay,PY,PRY,600,+595,Americas,Latin America and the Caribbean
巴勒斯坦领土,Palestinian Territories,the State of Palestine *,PS,PSE,275,+970,Asia,Western Asia
巴林,Bahrain,the Kingdom of Bahrain,BH,BHR,048,+973,Asia,Western Asia
巴拿马,Panama,the Republic of Panama,PA,PAN,591,+507,Americas,Latin America and the Caribbean
巴西,Brazil,the Federative Republic of Brazil,BR,BRA,076,+55,Americas,Latin America and the Caribbean
白俄罗斯,Belarus,the Republic of Belarus,BY,BLR,112,+375,Europe,Eastern Europe
百慕大,Bermuda,Bermuda,BM,BMU,060,+1-441,Americas,Northern America
保加利亚,Bulgaria,the Republic of Bulgaria,BG,BGR,100,+359,Europe,Eastern Europe
北马里亚纳群岛,Northern Mariana Islands,Northern Mariana Islands,MP,MNP,580,+1-670,Oceania,Micronesia
北马其顿,North Macedonia,the Republic of North Macedonia,MK,MKD,807,+389,Europe,Southern Europe
贝宁,Benin,the Republic of Benin,BJ,BEN,204,+229,Africa,Sub-Saharan Africa
比利时,Belgium,the Kingdom of Belgium,BE,BEL,056,+32,Europe,Western Europe
冰岛,Iceland,the Republic of Iceland,IS,ISL,352,+354,Europe,Northern Europe
波多黎各,Puerto Rico,Puerto Rico,PR,PRI,630,+1,Americas,Latin America and the Caribbean
波兰,Poland,the Republic of Poland,PL,POL,616,+48,Europe,Eastern Europe
波斯尼亚和黑塞哥维那,Bosnia & Herzegovina,Bosnia and Herzegovina,BA,BIH,070,+387,Europe,Southern Europe
玻利维亚,Bolivia,the Plurinational State of Bolivia,BO,BOL,068,+591,Americas,Latin America and the Caribbean
伯利兹,Belize,Belize,BZ,BLZ,084,+501,Americas,Latin America and the Caribbean
博茨瓦纳,Botswana,the Republic of Botswana,BW,BWA,072,+267,Africa,Sub-Saharan Africa
不丹,Bhutan,the Kingdom of Bhutan,BT,BTN,064,+975,Asia,Southern Asia
布基纳法索,Burkina Faso,Burkina Faso,BF,BFA,854,+226,Africa,Sub-Saharan Africa
布隆迪,Burundi,the Republic of Burundi,BI,BDI,108,+257,Africa,Sub-Saharan Africa
布韦岛,Bouvet Island,Bouvet Island,BV,BVT,074,+47,Americas,Latin America and the Caribbean
朝鲜,North Korea,the Democratic People's Republic of Korea,KP,PRK,408,+850,Asia,Eastern Asia
赤道几内亚,Equatorial Guinea,the Republic of Equatorial Guinea,GQ,GNQ,226,+240,Africa,Sub-Saharan Africa
丹麦,Denmark,the Kingdom of Denmark,DK,DNK,208,+45,Europe,Northern Europe
德国,Germany,the Federal Republic of Germany,DE,DEU,276,+49,Europe,Western Europe
东帝汶,Timor-Leste,the Democratic Republic of Timor-Leste,TL,TLS,626,+670,Asia,South-eastern Asia
多哥,Togo,the Togolese Republic,TG,TGO,768,+228,Africa,Sub-Saharan Africa
多米尼加共和国,Dominican Republic,the Dominican Republic,DO,DOM,214,+1-809|+1-829|+1-849,Americas,Latin America and the Caribbean
多米尼克,Dominica,the Commonwealth of Dominica,DM,DMA,212,+1-767,Americas,Latin America and the Caribbean
俄罗斯,Russia,the Russian Federation,RU,RUS,643,+7,Europe,Eastern Europe
厄瓜多尔,Ecuador,the Republic of Ecuador,EC,ECU,218,+593,Americas,Latin America and the Caribbean
厄立特里亚,Eritrea,the State of Eritrea,ER,ERI,232,+291,Africa,Sub-Saharan Africa
法国,France,the French Republic,FR,FRA,250,+33,Europe,Western Europe
法罗群岛,Faroe Islands,Faroe Islands,FO,FRO,234,+298,Europe,Northern Europe
法属波利尼西亚,French Polynesia,French Polynesia,PF,PYF,258,+689,Oceania,Polynesia
法属圭亚那,French Guiana,French Guiana,GF,GUF,254,+594,Americas,Latin America and the Caribbean
法属南部领地,French Southern Territories,French Southern Territories,TF,ATF,260,+262,Africa,Sub-Saharan Africa
法属圣马丁,St. Martin,Saint Martin (French Part),MF,MAF,663,+590,Americas,Latin America and the Caribbean
梵蒂冈,Vatican City,the Holy See *,VA,VAT,336,+39-06,Europe,Southern Europe
菲律宾,Philippines,the Republic of the Philippines,PH,PHL,608,+63,Asia,South-eastern Asia
斐济,Fiji,the Republic of Fiji,FJ,FJI,242,+679,Oceania,Melanesia
芬兰,Finland,the Republic of Finland,FI,FIN,246,+358,Europe,Northern Europe
佛得角,Cape Verde,the Republic of Cabo Verde,CV,CPV,132,+238,Africa,Sub-Saharan Africa
福克兰群岛,Falkland Islands,Falkland Islands,FK,FLK,238,+500,Americas,Latin America and the Caribbean
冈比亚,Gambia,the Republic of the Gambia,GM,GMB,270,+220,Africa,Sub-Saharan Africa
刚果（布）,Congo - Brazzaville,the Republic of the Congo,CG,COG,178,+242,Africa,Sub-Saharan Africa
刚果（金）,Congo - Kinshasa,the Democratic Republic of the Congo,CD,COD,180,+243,Africa,Sub-Saharan Africa
哥伦比亚,Colombia,the Republic of Colombia,CO,COL,170,+57,Americas,Latin America and the Caribbean
哥斯达黎加,Costa Rica,the Republic of Costa Rica,CR,CRI,188,+506,Americas,Latin America and the Caribbean
格林纳达,Grenada,Grenada,GD,GRD,308,+1-473,Americas,Latin America and the Caribbean
格陵兰,Greenland,Greenland,GL,GRL,304,+299,Americas,Northern America
格鲁吉亚,Georgia,Georgia,GE,GEO,268,+995,Asia,Western Asia
根西岛,Guernsey,Guernsey,GG,GGY,831,+44,Europe,Northern Europe
古巴,Cuba,the Republic of Cuba,CU,CUB,192,+53,Americas,Latin America and the Caribbean
瓜德罗普,Guadeloupe,Guadeloupe,GP,GLP,312,+590,Americas,Latin America and the Caribbean
关岛,Guam,Guam,GU,GUM,316,+1-671,Oceania,Micronesia
圭亚那,Guyana,the Co-operative Republic of Guyana,GY,GUY,328,+592,Americas,Latin America and the Caribbean
哈萨克斯坦,Kazakhstan,the Republic of Kazakhstan,KZ,KAZ,398,+7,Asia,Central Asia
海地,Haiti,the Republic of Haiti,HT,HTI,332,+509,Americas,Latin America and the Caribbean
韩国,South Korea,the Republic of Korea,KR,KOR,410,+82,Asia,Eastern Asia
荷兰,Netherlands,the Kingdom of the Netherlands,NL,NLD,528,+31,Europe,Western Europe
荷属加勒比区,Caribbean Netherlands,"Bonaire, Sint Eustatius and Saba",BQ,BES,535,+599,Americas,Latin America and the Caribbean
荷属圣马丁,Sint Maarten,Sint Maarten (Dutch part),SX,SXM,534,+1-721,Americas,Latin America and the Caribbean
赫德岛和麦克唐纳群岛,Heard & McDonald Islands,Heard Island and McDonald Islands,HM,HMD,334,+672,Oceania,Australia and New Zealand
黑山,Montenegro,Montenegro,ME,MNE,499,+382,Europe,Southern Europe
洪都拉斯,Honduras,the Republic of Honduras,HN,HND,340,+504,Americas,Latin America and the Caribbean
基里巴斯,Kiribati,the Republic of Kiribati,KI,KIR,296,+686,Oceania,Micronesia
吉布提,Djibouti,the Republic of Djibouti,DJ,DJI,262,+253,Africa,Sub-Saharan Africa
吉尔吉斯斯坦,Kyrgyzstan,the Kyrgyz Republic,KG,KGZ,417,+996,Asia,Central Asia
几内亚,Guinea,the Republic of Guinea,GN,GIN,324,+224,Africa,Sub-Saharan Africa
几内亚比绍,Guinea-Bissau,the Republic of Guinea-Bissau,GW,GNB,624,+245,Africa,Sub-Saharan Africa
加拿大,Canada,Canada,CA,CAN,124,+1,Americas,Northern America
加纳,Ghana,the Republic of Ghana,GH,GHA,288,+233,Africa,Sub-Saharan Africa
加蓬,Gabon,the Gabonese Republic,GA,GAB,266,+241,Africa,Sub-Saharan Africa
柬埔寨,Cambodia,the Kingdom of Cambodia,KH,KHM,116,+855,Asia,South-eastern Asia
捷克,Czechia,the Czech Republic,CZ,CZE,203,+420,Europe,Eastern Europe
津巴布韦,Zimbabwe,the Republic of Zimbabwe,ZW,ZWE,716,+263,Africa,Sub-Saharan Africa
喀麦隆,Cameroon,the Republic of Cameroon,CM,CMR,120,+237,Africa,Sub-Saharan Africa
卡塔尔,Qatar,the State of Qatar,QA,QAT,634,+974,Asia,Western Asia
开曼群岛,Cayman Islands,Cayman Islands,KY,CYM,136,+1-345,Americas,Latin America and the Caribbean
科科斯（基林）群岛,Cocos (Keeling) Islands,Cocos (Keeling) Islands,CC,CCK,166,+61,Oceania,Australia and New Zealand
科摩罗,Comoros,the Union of the Comoros,KM,COM,174,+269,Africa,Sub-Saharan Africa
科特迪瓦,Côte d’Ivoire,Ivory Coast,CI,CIV,384,+225,Africa,Sub-Saharan Africa
科威特,Kuwait,the State of Kuwait,KW,KWT,414,+965,Asia,Western Asia
克罗地亚,Croatia,the Republic of Croatia,HR,HRV,191,+385,Europe,Southern Europe
肯尼亚,Kenya,the Republic of Kenya,KE,KEN,404,+254,Africa,Sub-Saharan Africa
库克群岛,Cook Islands,the Cook Islands **,CK,COK,184,+682,Oceania,Polynesia
库拉索,Curaçao,Curaçao,CW,CUW,531,+599,Americas,Latin America and the Caribbean
拉脱维亚,Latvia,the Republic of Latvia,LV,LVA,428,+371,Europe,Northern Europe
莱索托,Lesotho,the Kingdom of Lesotho,LS,LSO,426,+266,Africa,Sub-Saharan Africa
老挝,Laos,the Lao People's Democratic Republic,LA,LAO,418,+856,Asia,South-eastern Asia
黎巴嫩,Lebanon,the Lebanese Republic,LB,LBN,422,+961,Asia,Western Asia
立陶宛,Lithuania,the Republic of Lithuania,LT,LTU,440,+370,Europe,Northern Europe
利比里亚,Liberia,the Republic of Liberia,LR,LBR,430,+231,Africa,Sub-Saharan Africa
利比亚,Libya,the State of Libya,LY,LBY,434,+218,Africa,Northern Africa
列支敦士登,Liechtenstein,the Principality of Liechtenstein,LI,LIE,438,+423,Europe,Western Europe
留尼汪,Réunion,Réunion,RE,REU,638,+262,Africa,Sub-Saharan Africa
卢森堡,Luxembourg,the Grand Duchy of Luxembourg,LU,LUX,442,+352,Europe,Western Europe
卢旺达,Rwanda,the Republic of Rwanda,RW,RWA,646,+250,Africa,Sub-Saharan Africa
罗马尼亚,Romania,Romania,RO,ROU,642,+40,Europe,Eastern Europe
马达加斯加,Madagascar,the Republic of Madagascar,MG,MDG,450,+261,Africa,Sub-Saharan Africa
马恩岛,Isle of Man,Isle of Man,IM,IMN,833,+44,Europe,Northern Europe
马尔代夫,Maldives,the Republic of Maldives,MV,MDV,462,+960,Asia,Southern Asia
马耳他,Malta,the Republic of Malta,MT,MLT,470,+356,Europe,Southern Europe
马拉维,Malawi,the Republic of Malawi,MW,MWI,454,+265,Africa,Sub-Saharan Africa
马来西亚,Malaysia,Malaysia,MY,MYS,458,+60,Asia,South-eastern Asia
马里,Mali,the Republic of Mali,ML,MLI,466,+223,Africa,Sub-Saharan Africa
马绍尔群岛,Marshall Islands,the Republic of the Marshall Islands,MH,MHL,584,+692,Oceania,Micronesia
马提尼克,Martinique,Martinique,MQ,MTQ,474,+596,Americas,Latin America and the Caribbean
马约特,Mayotte,Mayotte,YT,MYT,175,+262,Africa,Sub-Saharan Africa
毛里求斯,Mauritius,the Republic of Mauritius,MU,MUS,480,+230,Africa,Sub-Saharan Africa
毛里塔尼亚,Mauritania,the Islamic Republic of Mauritania,MR,MRT,478,+222,Africa,Sub-Saharan Africa
美国,United States,the United States of America,US,USA,840,+1,Americas,Northern America
美国本土外小岛屿,U.S. Outlying Islands,United States Minor Outlying Islands,UM,UMI,581,,Oceania,Micronesia
美属萨摩亚,American Samoa,American Samoa,AS,ASM,016,+1-684,Oceania,Polynesia
美属维尔京群岛,U.S. Virgin Islands,United States Virgin Islands,VI,VIR,850,+1-340,Americas,Latin America and the Caribbean
蒙古,Mongolia,Mongolia,MN,MNG,496,+976,Asia,Eastern Asia
蒙特塞拉特,Montserrat,Montserrat,MS,MSR,500,+1-664,Americas,Latin America and the Caribbean
孟加拉国,Bangladesh,the People's Republic of Bangladesh,BD,BGD,050,+880,Asia,Southern Asia
秘鲁,Peru,the Republic of Peru,PE,PER,604,+51,Americas,Latin America and the Caribbean
密克罗尼西亚,Micronesia,the Federated States of Micronesia,FM,FSM,583,+691,Oceania,Micronesia
缅甸,Myanmar (Burma),the Republic of the Union of Myanmar,MM,MMR,104,+95,Asia,South-eastern Asia
摩尔多瓦,Moldova,the Republic of Moldova,MD,MDA,498,+373,Europe,Eastern Europe
摩洛哥,Morocco,the Kingdom of Morocco,MA,MAR,504,+212,Africa,Northern Africa
摩纳哥,Monaco,the Principality of Monaco,MC,MCO,492,+377,Europe,Western Europe
莫桑比克,Mozambique,the Republic of Mozambique,MZ,MOZ,508,+258,Africa,Sub-Saharan Africa
墨西哥,Mexico,the United Mexican States,MX,MEX,484,+52,Americas,Latin America and the Caribbean
纳米比亚,Namibia,the Republic of Namibia,NA,NAM,516,+264,Africa,Sub-Saharan Africa
南非,South Africa,the Republic of South Africa,ZA,ZAF,710,+27,Africa,Sub-Saharan Africa
南极洲,Antarctica,Antarctica,AQ,ATA,010,+672,,
南乔治亚和南桑威奇群岛,South Georgia & South Sandwich Islands,South Georgia and the South Sandwich Islands,GS,SGS,239,+500,Americas,Latin America and the Caribbean
南苏丹,South Sudan,the Republic of South Sudan,SS,SSD,728,+211,Africa,Sub-Saharan Africa
瑙鲁,Nauru,the Republic of Nauru,NR,NRU,520,+674,Oceania,Micronesia
尼加拉瓜,Nicaragua,the Republic of Nicaragua,NI,NIC,558,+505,Americas,Latin America and the Caribbean
尼泊尔,Nepal,Nepal,NP,NPL,524,+977,Asia,Southern Asia
尼日尔,Niger,the Republic of the Niger,NE,NER,562,+227,Africa,Sub-Saharan Africa
尼日利亚,Nigeria,the Federal Republic of Nigeria,NG,NGA,566,+234,Africa,Sub-Saharan Africa
纽埃,Niue,Niue **,NU,NIU,570,+683,Oceania,Polynesia
挪威,Norway,the Kingdom of Norway,NO,NOR,578,+47,Europe,Northern Europe
诺福克岛,Norfolk Island,Norfolk Island,NF,NFK,574,+672,Oceania,Australia and New Zealand
帕劳,Palau,the Republic of Palau,PW,PLW,585,+680,Oceania,Micronesia
皮特凯恩群岛,Pitcairn Islands,Pitcairn,PN,PCN,612,+870,Oceania,Polynesia
葡萄牙,Portugal,the Portuguese Republic,PT,PRT,620,+351,Europe,Southern Europe
日本,Japan,Japan,JP,JPN,392,+81,Asia,Eastern Asia
瑞典,Sweden,the Kingdom of Sweden,SE,SWE,752,+46,Europe,Northern Europe
瑞士,Switzerland,the Swiss Confederation,CH,CHE,756,+41,Europe,Western Europe
萨尔瓦多,El Salvador,the Republic of El Salvador,SV,SLV,222,+503,Americas,Latin America and the Caribbean
萨摩亚,Samoa,the Independent State of Samoa,WS,WSM,882,+685,Oceania,Polynesia
塞尔维亚,Serbia,the Republic of Serbia,RS,SRB,688,+381 p,Europe,Southern Europe
塞拉利昂,Sierra Leone,the Republic of Sierra Leone,SL,SLE,694,+232,Africa,Sub-Saharan Africa
塞内加尔,Senegal,the Republic of Senegal,SN,SEN,686,+221,Africa,Sub-Saharan Africa
塞浦路斯,Cyprus,the Republic of Cyprus,CY,CYP,196,+357,Asia,Western Asia
塞舌尔,Seychelles,the Republic of Seychelles,SC,SYC,690,+248,Africa,Sub-Saharan Africa
沙特阿拉伯,Saudi Arabia,the Kingdom of Saudi Arabia,SA,SAU,682,+966,Asia,Western Asia
圣巴泰勒米,St. Barthélemy,Saint Barthélemy,BL,BLM,652,+590,Americas,Latin America and the Caribbean
圣诞岛,Christmas Island,Christmas Island,CX,CXR,162,+61,Oceania,Australia and New Zealand
圣多美和普林西比,São Tomé & Príncipe,the Democratic Republic of Sao Tome and Principe,ST,STP,678,+239,Africa,Sub-Saharan Africa
圣赫勒拿,St. Helena,Saint Helena,SH,SHN,654,+290 n,Africa,Sub-Saharan Africa
圣基茨和尼维斯,St. Kitts & Nevis,Saint Kitts and Nevis,KN,KNA,659,+1-869,Americas,Latin America and the Caribbean
圣卢西亚,St. Lucia,Saint Lucia,LC,LCA,662,+1-758,Americas,Latin America and the Caribbean
圣马力诺,San Marino,the Republic of San Marino,SM,SMR,674,+378,Europe,Southern Europe
圣皮埃尔和密克隆群岛,St. Pierre & Miquelon,Saint Pierre and Miquelon,PM,SPM,666,+508,Americas,Northern America
圣文森特和格林纳丁斯,St. Vincent & Grenadines,Saint Vincent and the Grenadines,VC,VCT,670,+1-784,Americas,Latin America and the Caribbean
斯里兰卡,Sri Lanka,the Democratic Socialist Republic of Sri Lanka,LK,LKA,144,+94,Asia,Southern Asia
斯洛伐克,Slovakia,the Slovak Republic,SK,SVK,703,+421,Europe,Eastern Europe
斯洛文尼亚,Slovenia,the Republic of Slovenia,SI,SVN,705,+386,Europe,Southern Europe
斯瓦尔巴和扬马延,Svalbard & Jan Mayen,Svalbard and Jan Mayen Islands,SJ,SJM,744,+47,Europe,Northern Europe
斯威士兰,Eswatini,the Kingdom of Eswatini,SZ,SWZ,748,+268,Africa,Sub-Saharan Africa
苏丹,Sudan,the Republic of the Sudan,SD,SDN,729,+249,Africa,Northern Africa
苏里南,Suriname,the Republic of Suriname,SR,SUR,740,+597,Americas,Latin America and the Caribbean
所罗门群岛,Solomon Islands,Solomon Islands,SB,SLB,090,+677,Oceania,Melanesia
索马里,Somalia,the Federal Republic of Somalia,SO,SOM,706,+252,Africa,Sub-Saharan Africa
塔吉克斯坦,Tajikistan,the Republic of Tajikistan,TJ,TJK,762,+992,Asia,Central Asia
台湾,Taiwan,Taiwan,TW,TWN,158,+886,Asia,Eastern Asia
泰国,Thailand,the Kingdom of Thailand,TH,THA,764,+66,Asia,South-eastern Asia
坦桑尼亚,Tanzania,the United Republic of Tanzania,TZ,TZA,834,+255,Africa,Sub-Saharan Africa
汤加,Tonga,the Kingdom of Tonga,TO,TON,776,+676,Oceania,Polynesia
特克斯和凯科斯群岛,Turks & Caicos Islands,Turks and Caicos Islands,TC,TCA,796,+1-649,Americas,Latin America and the Caribbean
特立尼达和多巴哥,Trinidad & Tobago,the Republic of Trinidad and Tobago,TT,TTO,780,+1-868,Americas,Latin America and the Caribbean
突尼斯,Tunisia,the Republic of Tunisia,TN,TUN,788,+216,Africa,Northern Africa
图瓦卢,Tuvalu,Tuvalu,TV,TUV,798,+688,Oceania,Polynesia
土耳其,Türkiye,Türkiye,TR,TUR,792,+90,Asia,Western Asia
土库曼斯坦,Turkmenistan,Turkmenistan,TM,TKM,795,+993,Asia,Central Asia
托克劳,Tokelau,Tokelau,TK,TKL,772,+690,Oceania,Polynesia
瓦利斯和富图纳,Wallis & Futuna,Wallis and Futuna Islands,WF,WLF,876,+681,Oceania,Polynesia
瓦努阿图,Vanuatu,the Republic of Vanuatu,VU,VUT,548,+678,Oceania,Melanesia
危地马拉,Guatemala,the Republic of Guatemala,GT,GTM,320,+502,Americas,Latin America and the Caribbean
委内瑞拉,Venezuela,the Bolivarian Republic of Venezuela,VE,VEN,862,+58,Americas,Latin America and the Caribbean
文莱,Brunei,Brunei Darussalam,BN,BRN,096,+673,Asia,South-eastern Asia
乌干达,Uganda,the Republic of Uganda,UG,UGA,800,+256,Africa,Sub-Saharan Africa
乌克兰,Ukraine,Ukraine,UA,UKR,804,+380,Europe,Eastern Europe
乌拉圭,Uruguay,the Eastern Republic of Uruguay,UY,URY,858,+598,Americas,Latin America and the Caribbean
乌兹别克斯坦,Uzbekistan,the Republic of Uzbekistan,UZ,UZB,860,+998,Asia,Central Asia
西班牙,Spain,the Kingdom of Spain,ES,ESP,724,+34,Europe,Southern Europe
西撒哈拉,Western Sahara,Western Sahara,EH,ESH,732,+212,Africa,Northern Africa
希腊,Greece,the Hellenic Republic,GR,GRC,300,+30,Europe,Southern Europe
新加坡,Singapore,the Republic of Singapore,SG,SGP,702,+65,Asia,South-eastern Asia
新喀里多尼亚,New Caledonia,New Caledonia,NC,NCL,540,+687,Oceania,Melanesia
新西兰,New Zealand,New Zealand,NZ,NZL,554,+64,Oceania,Australia and New Zealand
匈牙利,Hungary,Hungary,HU,HUN,348,+36,Europe,Eastern Europe
叙利亚,Syria,the Syrian Arab Republic,SY,SYR,760,+963,Asia,Western Asia
牙买加,Jamaica,Jamaica,JM,JAM,388,+1-876,Americas,Latin America and the Caribbean
亚美尼亚,Armenia,the Republic of Armenia,AM,ARM,051,+374,Asia,Western Asia
也门,Yemen,the Republic of Yemen,YE,YEM,887,+967,Asia,Western Asia
伊拉克,Iraq,the Republic of Iraq,IQ,IRQ,368,+964,Asia,Western Asia
伊朗,Iran,the Islamic Republic of Iran,IR,IRN,364,+98,Asia,Southern Asia
以色列,Israel,the State of Israel,IL,ISR,376,+972,Asia,Western Asia
意大利,Italy,the Republic of Italy,IT,ITA,380,+39,Europe,Southern Europe
印度,India,the Republic of India,IN,IND,356,+91,Asia,Southern Asia
印度尼西亚,Indonesia,the Republic of Indonesia,ID,IDN,360,+62,Asia,South-eastern Asia
英国,United Kingdom,the United Kingdom of Great Britain and Northern Ireland,GB,GBR,826,+44,Europe,Northern Europe
英属维尔京群岛,British Virgin Islands,British Virgin Islands,VG,VGB,092,+1-284,Americas,Latin America and the Caribbean
英属印度洋领地,British Indian Ocean Territory,British Indian Ocean Territory,IO,IOT,086,+246,Africa,Sub-Saharan Africa
约旦,Jordan,the Hashemite Kingdom of Jordan,JO,JOR,400,+962,Asia,Western Asia
越南,Vietnam,the Socialist Republic of Viet Nam,VN,VNM,704,+84,Asia,South-eastern Asia
赞比亚,Zambia,the Republic of Zambia,ZM,ZMB,894,+260,Africa,Sub-Saharan Africa
泽西岛,Jersey,Jersey,JE,JEY,832,+44,Europe,Northern Europe
乍得,Chad,the Republic of Chad,TD,TCD,148,+235,Africa,Sub-Saharan Africa
直布罗陀,Gibraltar,Gibraltar,GI,GIB,292,+350,Europe,Southern Europe
智利,Chile,the Republic of Chile,CL,CHL,152,+56,Americas,Latin America and the Caribbean
中非共和国,Central African Republic,the Central African Republic,CF,CAF,140,+236,Africa,Sub-Saharan Africa
中国,China,the People's Republic of China,CN,CHN,156,+86,Asia,Eastern Asia
中国澳门特别行政区,Macao SAR China,"China, Macao Special Administrative Region",MO,MAC,446,+853,Asia,Eastern Asia
中国香港特别行政区,Hong Kong SAR China,"China, Hong Kong Special Administrative Region",HK,HKG,344,+852,Asia,Eastern Asia

